repository_name,date,views,unique_visitors/cloners
pdp-mcp,2025-11-05,2,1
pdp-mcp,2025-11-07,6,1
pdp-mcp,2025-11-20,64,22
pdp-mcp,2025-11-21,72,29
pdp-mcp,2025-11-22,4,1
pdp-mcp,2025-11-23,5,3
pdp-mcp,2025-11-24,145,25
pdp-mcp,2025-11-25,81,15
pdp-mcp,2025-11-26,93,21
pdp-mcp,2025-11-27,42,5
pdp-mcp,2025-11-28,7,4
pdp-mcp,2025-11-29,12,6
pdp-mcp,2025-10-29,17,2
pdp-mcp,2026-01-01,4,2
pdp-mcp,2026-01-02,5,5
pdp-mcp,2025-12-10,14,10
pdp-mcp,2026-01-03,1,1
pdp-mcp,2025-12-11,25,11
pdp-mcp,2026-01-04,0,0
pdp-mcp,2025-12-12,17,10
pdp-mcp,2026-01-05,64,21
pdp-mcp,2025-12-13,7,4
pdp-mcp,2026-01-06,36,13
pdp-mcp,2025-12-14,30,8
pdp-mcp,2026-01-20,29,14
pdp-mcp,2026-01-07,19,12
pdp-mcp,2025-12-15,28,12
pdp-mcp,2026-01-08,40,10
pdp-mcp,2025-12-16,34,14
pdp-mcp,2026-01-09,28,10
pdp-mcp,2025-12-17,22,10
pdp-mcp,2025-12-30,20,9
pdp-mcp,2025-12-18,26,11
pdp-mcp,2025-12-31,27,4
pdp-mcp,2025-12-19,23,6
pdp-mcp,2025-11-10,107,28
pdp-mcp,2025-11-11,3,3
pdp-mcp,2025-11-12,20,7
pdp-mcp,2025-11-13,6,4
pdp-mcp,2025-11-14,9,5
pdp-mcp,2025-11-15,4,1
pdp-mcp,2025-11-17,4,2
pdp-mcp,2025-11-30,41,5
pdp-mcp,2025-11-18,3,3
pdp-mcp,2025-11-19,40,15
pdp-mcp,2025-10-30,5,1
pdp-mcp,2025-12-01,54,13
pdp-mcp,2025-12-02,75,26
pdp-mcp,2025-12-03,48,18
pdp-mcp,2025-12-04,60,16
pdp-mcp,2026-01-10,1,1
pdp-mcp,2025-12-05,14,6
pdp-mcp,2025-12-06,7,3
pdp-mcp,2026-01-11,0,0
pdp-mcp,2025-12-20,2,1
pdp-mcp,2025-12-07,2,2
pdp-mcp,2026-01-12,6,5
pdp-mcp,2025-12-08,13,10
pdp-mcp,2025-12-21,4,4
pdp-mcp,2026-01-13,36,10
pdp-mcp,2025-12-22,13,8
pdp-mcp,2025-12-09,25,5
pdp-mcp,2026-01-14,36,7
pdp-mcp,2025-12-23,7,5
pdp-mcp,2026-01-15,25,10
pdp-mcp,2026-01-16,8,8
pdp-mcp,2025-12-24,22,10
pdp-mcp,2025-12-25,45,2
pdp-mcp,2026-01-17,17,3
pdp-mcp,2025-12-26,11,5
pdp-mcp,2026-01-18,7,4
pdp-mcp,2026-01-19,26,12
pdp-mcp,2025-12-27,5,4
pdp-mcp,2025-12-28,3,3
pdp-mcp,2025-12-29,28,14
pdp-mcp,2025-11-04,1,1
jpmorgan-payments/pdp-mcp,2026-01-22 16:21:37,305,85
jpmorgan-payments/pdp-mcp,2026-01-22 16:24:27,305,85
jpmorgan-payments/pdp-mcp,2026-01-22 16:26:09,305,85
jpmorgan-payments/pdp-mcp,2026-01-22 16:28:57,305,85
